category_id,category_name
1,Category1
2,Category2
3,Category3
4,Category4
5,Category5
6,Category6
7,Category7
8,Category8
9,Category9
10,Category10
11,Category11
12,Category12
13,Category13
14,Category14
15,Category15
16,Category16
17,Category17
18,Category18
19,Category19
20,Category20
21,Category21
22,Category22
23,Category23
24,Category24
25,Category25
26,Category26
27,Category27
28,Category28
29,Category29
30,Category30
31,Category31
32,Category32
33,Category33
34,Category34
35,Category35
36,Category36
37,Category37
38,Category38
39,Category39
40,Category40
41,Category41
42,Category42
43,Category43
44,Category44
45,Category45
46,Category46
47,Category47
48,Category48
49,Category49
50,Category50
51,Category51
52,Category52
53,Category53
54,Category54
55,Category55
56,Category56
57,Category57
58,Category58
59,Category59
60,Category60
61,Category61
62,Category62
63,Category63
64,Category64
65,Category65
66,Category66
67,Category67
68,Category68
69,Category69
70,Category70
71,Category71
72,Category72
73,Category73
74,Category74
75,Category75
76,Category76
77,Category77
78,Category78
79,Category79
80,Category80
81,Category81
82,Category82
83,Category83
84,Category84
85,Category85
86,Category86
87,Category87
88,Category88
89,Category89
90,Category90
91,Category91
92,Category92
93,Category93
94,Category94
95,Category95
96,Category96
97,Category97
98,Category98
99,Category99
100,Category100
101,Category101
102,Category102
103,Category103
104,Category104
105,Category105
106,Category106
107,Category107
108,Category108
109,Category109
110,Category110
111,Category111
112,Category112
113,Category113
114,Category114
115,Category115
116,Category116
117,Category117
118,Category118
119,Category119
120,Category120
121,Category121
122,Category122
123,Category123
124,Category124
125,Category125
126,Category126
127,Category127
128,Category128
129,Category129
130,Category130
131,Category131
132,Category132
133,Category133
134,Category134
135,Category135
136,Category136
137,Category137
138,Category138
139,Category139
140,Category140
141,Category141
142,Category142
143,Category143
144,Category144
145,Category145
146,Category146
147,Category147
148,Category148
149,Category149
150,Category150
151,Category151
152,Category152
153,Category153
154,Category154
155,Category155
156,Category156
157,Category157
158,Category158
159,Category159
160,Category160
161,Category161
162,Category162
163,Category163
164,Category164
165,Category165
166,Category166
167,Category167
168,Category168
169,Category169
170,Category170
171,Category171
172,Category172
173,Category173
174,Category174
175,Category175
176,Category176
177,Category177
178,Category178
179,Category179
180,Category180
181,Category181
182,Category182
183,Category183
184,Category184
185,Category185
186,Category186
187,Category187
188,Category188
189,Category189
190,Category190
191,Category191
192,Category192
193,Category193
194,Category194
195,Category195
196,Category196
197,Category197
198,Category198
199,Category199
200,Category200
201,Category201
202,Category202
203,Category203
204,Category204
205,Category205
206,Category206
207,Category207
208,Category208
209,Category209
210,Category210
211,Category211
212,Category212
213,Category213
214,Category214
215,Category215
216,Category216
217,Category217
218,Category218
219,Category219
220,Category220
221,Category221
222,Category222
223,Category223
224,Category224
225,Category225
226,Category226
227,Category227
228,Category228
229,Category229
230,Category230
231,Category231
232,Category232
233,Category233
234,Category234
235,Category235
236,Category236
237,Category237
238,Category238
239,Category239
240,Category240
241,Category241
242,Category242
243,Category243
244,Category244
245,Category245
246,Category246
247,Category247
248,Category248
249,Category249
250,Category250
251,Category251
252,Category252
253,Category253
254,Category254
255,Category255
256,Category256
257,Category257
258,Category258
259,Category259
260,Category260
261,Category261
262,Category262
263,Category263
264,Category264
265,Category265
266,Category266
267,Category267
268,Category268
269,Category269
270,Category270
271,Category271
272,Category272
273,Category273
274,Category274
275,Category275
276,Category276
277,Category277
278,Category278
279,Category279
280,Category280
281,Category281
282,Category282
283,Category283
284,Category284
285,Category285
286,Category286
287,Category287
288,Category288
289,Category289
290,Category290
291,Category291
292,Category292
293,Category293
294,Category294
295,Category295
296,Category296
297,Category297
298,Category298
299,Category299
300,Category300
301,Category301
302,Category302
303,Category303
304,Category304
305,Category305
306,Category306
307,Category307
308,Category308
309,Category309
310,Category310
311,Category311
312,Category312
313,Category313
314,Category314
315,Category315
316,Category316
317,Category317
318,Category318
319,Category319
320,Category320
321,Category321
322,Category322
323,Category323
324,Category324
325,Category325
326,Category326
327,Category327
328,Category328
329,Category329
330,Category330
331,Category331
332,Category332
333,Category333
334,Category334
335,Category335
336,Category336
337,Category337
338,Category338
339,Category339
340,Category340
341,Category341
342,Category342
343,Category343
344,Category344
345,Category345
346,Category346
347,Category347
348,Category348
349,Category349
350,Category350
351,Category351
352,Category352
353,Category353
354,Category354
355,Category355
356,Category356
357,Category357
358,Category358
359,Category359
360,Category360
361,Category361
362,Category362
363,Category363
364,Category364
365,Category365
366,Category366
367,Category367
368,Category368
369,Category369
370,Category370
371,Category371
372,Category372
373,Category373
374,Category374
375,Category375
376,Category376
377,Category377
378,Category378
379,Category379
380,Category380
381,Category381
382,Category382
383,Category383
384,Category384
385,Category385
386,Category386
387,Category387
388,Category388
389,Category389
390,Category390
391,Category391
392,Category392
393,Category393
394,Category394
395,Category395
396,Category396
397,Category397
398,Category398
399,Category399
400,Category400
401,Category401
402,Category402
403,Category403
404,Category404
405,Category405
406,Category406
407,Category407
408,Category408
409,Category409
410,Category410
411,Category411
412,Category412
413,Category413
414,Category414
415,Category415
416,Category416
417,Category417
418,Category418
419,Category419
420,Category420
421,Category421
422,Category422
423,Category423
424,Category424
425,Category425
426,Category426
427,Category427
428,Category428
429,Category429
430,Category430
431,Category431
432,Category432
433,Category433
434,Category434
435,Category435
436,Category436
437,Category437
438,Category438
439,Category439
440,Category440
441,Category441
442,Category442
443,Category443
444,Category444
445,Category445
446,Category446
447,Category447
448,Category448
449,Category449
450,Category450
451,Category451
452,Category452
453,Category453
454,Category454
455,Category455
456,Category456
457,Category457
458,Category458
459,Category459
460,Category460
461,Category461
462,Category462
463,Category463
464,Category464
465,Category465
466,Category466
467,Category467
468,Category468
469,Category469
470,Category470
471,Category471
472,Category472
473,Category473
474,Category474
475,Category475
476,Category476
477,Category477
478,Category478
479,Category479
480,Category480
481,Category481
482,Category482
483,Category483
484,Category484
485,Category485
486,Category486
487,Category487
488,Category488
489,Category489
490,Category490
491,Category491
492,Category492
493,Category493
494,Category494
495,Category495
496,Category496
497,Category497
498,Category498
499,Category499
500,Category500
501,Category501
502,Category502
503,Category503
504,Category504
505,Category505
506,Category506
507,Category507
508,Category508
509,Category509
510,Category510
511,Category511
512,Category512
513,Category513
514,Category514
515,Category515
516,Category516
517,Category517
518,Category518
519,Category519
520,Category520
521,Category521
522,Category522
523,Category523
524,Category524
525,Category525
526,Category526
527,Category527
528,Category528
529,Category529
530,Category530
531,Category531
532,Category532
533,Category533
534,Category534
535,Category535
536,Category536
537,Category537
538,Category538
539,Category539
540,Category540
541,Category541
542,Category542
543,Category543
544,Category544
545,Category545
546,Category546
547,Category547
548,Category548
549,Category549
550,Category550
551,Category551
552,Category552
553,Category553
554,Category554
555,Category555
556,Category556
557,Category557
558,Category558
559,Category559
560,Category560
561,Category561
562,Category562
563,Category563
564,Category564
565,Category565
566,Category566
567,Category567
568,Category568
569,Category569
570,Category570
571,Category571
572,Category572
573,Category573
574,Category574
575,Category575
576,Category576
577,Category577
578,Category578
579,Category579
580,Category580
581,Category581
582,Category582
583,Category583
584,Category584
585,Category585
586,Category586
587,Category587
588,Category588
589,Category589
590,Category590
591,Category591
592,Category592
593,Category593
594,Category594
595,Category595
596,Category596
597,Category597
598,Category598
599,Category599
600,Category600
601,Category601
602,Category602
603,Category603
604,Category604
605,Category605
606,Category606
607,Category607
608,Category608
609,Category609
610,Category610
611,Category611
612,Category612
613,Category613
614,Category614
615,Category615
616,Category616
617,Category617
618,Category618
619,Category619
620,Category620
621,Category621
622,Category622
623,Category623
624,Category624
625,Category625
626,Category626
627,Category627
628,Category628
629,Category629
630,Category630
631,Category631
632,Category632
633,Category633
634,Category634
635,Category635
636,Category636
637,Category637
638,Category638
639,Category639
640,Category640
641,Category641
642,Category642
643,Category643
644,Category644
645,Category645
646,Category646
647,Category647
648,Category648
649,Category649
650,Category650
651,Category651
652,Category652
653,Category653
654,Category654
655,Category655
656,Category656
657,Category657
658,Category658
659,Category659
660,Category660
661,Category661
662,Category662
663,Category663
664,Category664
665,Category665
666,Category666
667,Category667
668,Category668
669,Category669
670,Category670
671,Category671
672,Category672
673,Category673
674,Category674
675,Category675
676,Category676
677,Category677
678,Category678
679,Category679
680,Category680
681,Category681
682,Category682
683,Category683
684,Category684
685,Category685
686,Category686
687,Category687
688,Category688
689,Category689
690,Category690
691,Category691
692,Category692
693,Category693
694,Category694
695,Category695
696,Category696
697,Category697
698,Category698
699,Category699
700,Category700
701,Category701
702,Category702
703,Category703
704,Category704
705,Category705
706,Category706
707,Category707
708,Category708
709,Category709
710,Category710
711,Category711
712,Category712
713,Category713
714,Category714
715,Category715
716,Category716
717,Category717
718,Category718
719,Category719
720,Category720
721,Category721
722,Category722
723,Category723
724,Category724
725,Category725
726,Category726
727,Category727
728,Category728
729,Category729
730,Category730
731,Category731
732,Category732
733,Category733
734,Category734
735,Category735
736,Category736
737,Category737
738,Category738
739,Category739
740,Category740
741,Category741
742,Category742
743,Category743
744,Category744
745,Category745
746,Category746
747,Category747
748,Category748
749,Category749
750,Category750
751,Category751
752,Category752
753,Category753
754,Category754
755,Category755
756,Category756
757,Category757
758,Category758
759,Category759
760,Category760
761,Category761
762,Category762
763,Category763
764,Category764
765,Category765
766,Category766
767,Category767
768,Category768
769,Category769
770,Category770
771,Category771
772,Category772
773,Category773
774,Category774
775,Category775
776,Category776
777,Category777
778,Category778
779,Category779
780,Category780
781,Category781
782,Category782
783,Category783
784,Category784
785,Category785
786,Category786
787,Category787
788,Category788
789,Category789
790,Category790
791,Category791
792,Category792
793,Category793
794,Category794
795,Category795
796,Category796
797,Category797
798,Category798
799,Category799
800,Category800
801,Category801
802,Category802
803,Category803
804,Category804
805,Category805
806,Category806
807,Category807
808,Category808
809,Category809
810,Category810
811,Category811
812,Category812
813,Category813
814,Category814
815,Category815
816,Category816
817,Category817
818,Category818
819,Category819
820,Category820
821,Category821
822,Category822
823,Category823
824,Category824
825,Category825
826,Category826
827,Category827
828,Category828
829,Category829
830,Category830
831,Category831
832,Category832
833,Category833
834,Category834
835,Category835
836,Category836
837,Category837
838,Category838
839,Category839
840,Category840
841,Category841
842,Category842
843,Category843
844,Category844
845,Category845
846,Category846
847,Category847
848,Category848
849,Category849
850,Category850
851,Category851
852,Category852
853,Category853
854,Category854
855,Category855
856,Category856
857,Category857
858,Category858
859,Category859
860,Category860
861,Category861
862,Category862
863,Category863
864,Category864
865,Category865
866,Category866
867,Category867
868,Category868
869,Category869
870,Category870
871,Category871
872,Category872
873,Category873
874,Category874
875,Category875
876,Category876
877,Category877
878,Category878
879,Category879
880,Category880
881,Category881
882,Category882
883,Category883
884,Category884
885,Category885
886,Category886
887,Category887
888,Category888
889,Category889
890,Category890
891,Category891
892,Category892
893,Category893
894,Category894
895,Category895
896,Category896
897,Category897
898,Category898
899,Category899
900,Category900
901,Category901
902,Category902
903,Category903
904,Category904
905,Category905
906,Category906
907,Category907
908,Category908
909,Category909
910,Category910
911,Category911
912,Category912
913,Category913
914,Category914
915,Category915
916,Category916
917,Category917
918,Category918
919,Category919
920,Category920
921,Category921
922,Category922
923,Category923
924,Category924
925,Category925
926,Category926
927,Category927
928,Category928
929,Category929
930,Category930
931,Category931
932,Category932
933,Category933
934,Category934
935,Category935
936,Category936
937,Category937
938,Category938
939,Category939
940,Category940
941,Category941
942,Category942
943,Category943
944,Category944
945,Category945
946,Category946
947,Category947
948,Category948
949,Category949
950,Category950
951,Category951
952,Category952
953,Category953
954,Category954
955,Category955
956,Category956
957,Category957
958,Category958
959,Category959
960,Category960
961,Category961
962,Category962
963,Category963
964,Category964
965,Category965
966,Category966
967,Category967
968,Category968
969,Category969
970,Category970
971,Category971
972,Category972
973,Category973
974,Category974
975,Category975
976,Category976
977,Category977
978,Category978
979,Category979
980,Category980
981,Category981
982,Category982
983,Category983
984,Category984
985,Category985
986,Category986
987,Category987
988,Category988
989,Category989
990,Category990
991,Category991
992,Category992
993,Category993
994,Category994
995,Category995
996,Category996
997,Category997
998,Category998
999,Category999
1000,Category1000
1001,Category1001
1002,Category1002
1003,Category1003
1004,Category1004
1005,Category1005
1006,Category1006
1007,Category1007
1008,Category1008
1009,Category1009
1010,Category1010
1011,Category1011
1012,Category1012
1013,Category1013
1014,Category1014
1015,Category1015
1016,Category1016
1017,Category1017
1018,Category1018
1019,Category1019
1020,Category1020
1021,Category1021
1022,Category1022
1023,Category1023
1024,Category1024
1025,Category1025
1026,Category1026
1027,Category1027
1028,Category1028
1029,Category1029
1030,Category1030
1031,Category1031
1032,Category1032
1033,Category1033
1034,Category1034
1035,Category1035
1036,Category1036
1037,Category1037
1038,Category1038
1039,Category1039
1040,Category1040
1041,Category1041
1042,Category1042
1043,Category1043
1044,Category1044
1045,Category1045
1046,Category1046
1047,Category1047
1048,Category1048
1049,Category1049
1050,Category1050
1051,Category1051
1052,Category1052
1053,Category1053
1054,Category1054
1055,Category1055
1056,Category1056
1057,Category1057
1058,Category1058
1059,Category1059
1060,Category1060
1061,Category1061
1062,Category1062
1063,Category1063
1064,Category1064
1065,Category1065
1066,Category1066
1067,Category1067
1068,Category1068
1069,Category1069
1070,Category1070
1071,Category1071
1072,Category1072
1073,Category1073
1074,Category1074
1075,Category1075
1076,Category1076
1077,Category1077
1078,Category1078
1079,Category1079
1080,Category1080
1081,Category1081
1082,Category1082
1083,Category1083
1084,Category1084
1085,Category1085
1086,Category1086
1087,Category1087
1088,Category1088
1089,Category1089
1090,Category1090
1091,Category1091
1092,Category1092
1093,Category1093
1094,Category1094
1095,Category1095
1096,Category1096
1097,Category1097
1098,Category1098
1099,Category1099
1100,Category1100
1101,Category1101
1102,Category1102
1103,Category1103
1104,Category1104
1105,Category1105
1106,Category1106
1107,Category1107
1108,Category1108
1109,Category1109
1110,Category1110
1111,Category1111
1112,Category1112
1113,Category1113
1114,Category1114
1115,Category1115
1116,Category1116
1117,Category1117
1118,Category1118
1119,Category1119
1120,Category1120
1121,Category1121
1122,Category1122
1123,Category1123
1124,Category1124
1125,Category1125
1126,Category1126
1127,Category1127
1128,Category1128
1129,Category1129
1130,Category1130
1131,Category1131
1132,Category1132
1133,Category1133
1134,Category1134
1135,Category1135
1136,Category1136
1137,Category1137
1138,Category1138
1139,Category1139
1140,Category1140
1141,Category1141
1142,Category1142
1143,Category1143
1144,Category1144
1145,Category1145
1146,Category1146
1147,Category1147
1148,Category1148
1149,Category1149
1150,Category1150
1151,Category1151
1152,Category1152
1153,Category1153
1154,Category1154
1155,Category1155
1156,Category1156
1157,Category1157
1158,Category1158
1159,Category1159
1160,Category1160
1161,Category1161
1162,Category1162
1163,Category1163
1164,Category1164
1165,Category1165
1166,Category1166
1167,Category1167
1168,Category1168
1169,Category1169
1170,Category1170
1171,Category1171
1172,Category1172
1173,Category1173
1174,Category1174
1175,Category1175
1176,Category1176
1177,Category1177
1178,Category1178
1179,Category1179
1180,Category1180
1181,Category1181
1182,Category1182
1183,Category1183
1184,Category1184
1185,Category1185
1186,Category1186
1187,Category1187
1188,Category1188
1189,Category1189
1190,Category1190
1191,Category1191
1192,Category1192
1193,Category1193
1194,Category1194
1195,Category1195
1196,Category1196
1197,Category1197
1198,Category1198
1199,Category1199
1200,Category1200
1201,Category1201
1202,Category1202
1203,Category1203
1204,Category1204
1205,Category1205
1206,Category1206
1207,Category1207
1208,Category1208
1209,Category1209
1210,Category1210
1211,Category1211
1212,Category1212
1213,Category1213
1214,Category1214
1215,Category1215
1216,Category1216
1217,Category1217
1218,Category1218
1219,Category1219
1220,Category1220
1221,Category1221
1222,Category1222
1223,Category1223
1224,Category1224
1225,Category1225
1226,Category1226
1227,Category1227
1228,Category1228
1229,Category1229
1230,Category1230
1231,Category1231
1232,Category1232
1233,Category1233
1234,Category1234
1235,Category1235
1236,Category1236
1237,Category1237
1238,Category1238
1239,Category1239
1240,Category1240
1241,Category1241
1242,Category1242
1243,Category1243
1244,Category1244
1245,Category1245
1246,Category1246
1247,Category1247
1248,Category1248
1249,Category1249
1250,Category1250
1251,Category1251
1252,Category1252
1253,Category1253
1254,Category1254
1255,Category1255
1256,Category1256
1257,Category1257
1258,Category1258
1259,Category1259
1260,Category1260
1261,Category1261
1262,Category1262
1263,Category1263
1264,Category1264
1265,Category1265
1266,Category1266
1267,Category1267
1268,Category1268
1269,Category1269
1270,Category1270
1271,Category1271
1272,Category1272
1273,Category1273
1274,Category1274
1275,Category1275
1276,Category1276
1277,Category1277
1278,Category1278
1279,Category1279
1280,Category1280
1281,Category1281
1282,Category1282
1283,Category1283
1284,Category1284
1285,Category1285
1286,Category1286
1287,Category1287
1288,Category1288
1289,Category1289
1290,Category1290
1291,Category1291
1292,Category1292
1293,Category1293
1294,Category1294
1295,Category1295
1296,Category1296
1297,Category1297
1298,Category1298
1299,Category1299
1300,Category1300
1301,Category1301
1302,Category1302
1303,Category1303
1304,Category1304
1305,Category1305
1306,Category1306
1307,Category1307
1308,Category1308
1309,Category1309
1310,Category1310
1311,Category1311
1312,Category1312
1313,Category1313
1314,Category1314
1315,Category1315
1316,Category1316
1317,Category1317
1318,Category1318
1319,Category1319
1320,Category1320
1321,Category1321
1322,Category1322
1323,Category1323
1324,Category1324
1325,Category1325
1326,Category1326
1327,Category1327
1328,Category1328
1329,Category1329
1330,Category1330
1331,Category1331
1332,Category1332
1333,Category1333
1334,Category1334
1335,Category1335
1336,Category1336
1337,Category1337
1338,Category1338
1339,Category1339
1340,Category1340
1341,Category1341
1342,Category1342
1343,Category1343
1344,Category1344
1345,Category1345
1346,Category1346
1347,Category1347
1348,Category1348
1349,Category1349
1350,Category1350
1351,Category1351
1352,Category1352
1353,Category1353
1354,Category1354
1355,Category1355
1356,Category1356
1357,Category1357
1358,Category1358
1359,Category1359
1360,Category1360
1361,Category1361
1362,Category1362
1363,Category1363
1364,Category1364
1365,Category1365
1366,Category1366
1367,Category1367
1368,Category1368
1369,Category1369
1370,Category1370
1371,Category1371
1372,Category1372
1373,Category1373
1374,Category1374
1375,Category1375
1376,Category1376
1377,Category1377
1378,Category1378
1379,Category1379
1380,Category1380
1381,Category1381
1382,Category1382
1383,Category1383
1384,Category1384
1385,Category1385
1386,Category1386
1387,Category1387
1388,Category1388
1389,Category1389
1390,Category1390
1391,Category1391
1392,Category1392
1393,Category1393
1394,Category1394
1395,Category1395
1396,Category1396
1397,Category1397
1398,Category1398
1399,Category1399
1400,Category1400
1401,Category1401
1402,Category1402
1403,Category1403
1404,Category1404
1405,Category1405
1406,Category1406
1407,Category1407
1408,Category1408
1409,Category1409
1410,Category1410
1411,Category1411
1412,Category1412
1413,Category1413
1414,Category1414
1415,Category1415
1416,Category1416
1417,Category1417
1418,Category1418
1419,Category1419
1420,Category1420
1421,Category1421
1422,Category1422
1423,Category1423
1424,Category1424
1425,Category1425
1426,Category1426
1427,Category1427
1428,Category1428
1429,Category1429
1430,Category1430
1431,Category1431
1432,Category1432
1433,Category1433
1434,Category1434
1435,Category1435
1436,Category1436
1437,Category1437
1438,Category1438
1439,Category1439
1440,Category1440
1441,Category1441
1442,Category1442
1443,Category1443
1444,Category1444
1445,Category1445