vendor_id,vendor_name,phone,email
100,vendor1,9111111,ven@gmail.com
101,vendor2,9111112,ven@gmail.com
102,vendor3,9111113,ven@gmail.com
103,vendor4,9111114,ven@gmail.com
104,vendor5,9111115,ven@gmail.com
105,vendor6,9111116,ven@gmail.com
106,vendor7,9111117,ven@gmail.com
107,vendor8,9111118,ven@gmail.com
108,vendor9,9111119,ven@gmail.com
109,vendor10,9111120,ven@gmail.com
110,vendor11,9111121,ven@gmail.com
111,vendor12,9111122,ven@gmail.com
112,vendor13,9111123,ven@gmail.com
113,vendor14,9111124,ven@gmail.com
114,vendor15,9111125,ven@gmail.com
115,vendor16,9111126,ven@gmail.com
116,vendor17,9111127,ven@gmail.com
117,vendor18,9111128,ven@gmail.com
118,vendor19,9111129,ven@gmail.com
119,vendor20,9111130,ven@gmail.com
120,vendor21,9111131,ven@gmail.com
121,vendor22,9111132,ven@gmail.com
122,vendor23,9111133,ven@gmail.com
123,vendor24,9111134,ven@gmail.com
124,vendor25,9111135,ven@gmail.com
125,vendor26,9111136,ven@gmail.com
126,vendor27,9111137,ven@gmail.com
127,vendor28,9111138,ven@gmail.com
128,vendor29,9111139,ven@gmail.com
129,vendor30,9111140,ven@gmail.com
130,vendor31,9111141,ven@gmail.com
131,vendor32,9111142,ven@gmail.com
132,vendor33,9111143,ven@gmail.com
133,vendor34,9111144,ven@gmail.com
134,vendor35,9111145,ven@gmail.com
135,vendor36,9111146,ven@gmail.com
136,vendor37,9111147,ven@gmail.com
137,vendor38,9111148,ven@gmail.com
138,vendor39,9111149,ven@gmail.com
139,vendor40,9111150,ven@gmail.com
140,vendor41,9111151,ven@gmail.com
141,vendor42,9111152,ven@gmail.com
142,vendor43,9111153,ven@gmail.com
143,vendor44,9111154,ven@gmail.com
144,vendor45,9111155,ven@gmail.com
145,vendor46,9111156,ven@gmail.com
146,vendor47,9111157,ven@gmail.com
147,vendor48,9111158,ven@gmail.com
148,vendor49,9111159,ven@gmail.com
149,vendor50,9111160,ven@gmail.com
150,vendor51,9111161,ven@gmail.com
151,vendor52,9111162,ven@gmail.com
152,vendor53,9111163,ven@gmail.com
153,vendor54,9111164,ven@gmail.com
154,vendor55,9111165,ven@gmail.com
155,vendor56,9111166,ven@gmail.com
156,vendor57,9111167,ven@gmail.com
157,vendor58,9111168,ven@gmail.com
158,vendor59,9111169,ven@gmail.com
159,vendor60,9111170,ven@gmail.com
160,vendor61,9111171,ven@gmail.com
161,vendor62,9111172,ven@gmail.com
162,vendor63,9111173,ven@gmail.com
163,vendor64,9111174,ven@gmail.com
164,vendor65,9111175,ven@gmail.com
165,vendor66,9111176,ven@gmail.com
166,vendor67,9111177,ven@gmail.com
167,vendor68,9111178,ven@gmail.com
168,vendor69,9111179,ven@gmail.com
169,vendor70,9111180,ven@gmail.com
170,vendor71,9111181,ven@gmail.com
171,vendor72,9111182,ven@gmail.com
172,vendor73,9111183,ven@gmail.com
173,vendor74,9111184,ven@gmail.com
174,vendor75,9111185,ven@gmail.com
175,vendor76,9111186,ven@gmail.com
176,vendor77,9111187,ven@gmail.com
177,vendor78,9111188,ven@gmail.com
178,vendor79,9111189,ven@gmail.com
179,vendor80,9111190,ven@gmail.com
180,vendor81,9111191,ven@gmail.com
181,vendor82,9111192,ven@gmail.com
182,vendor83,9111193,ven@gmail.com
183,vendor84,9111194,ven@gmail.com
184,vendor85,9111195,ven@gmail.com
185,vendor86,9111196,ven@gmail.com
186,vendor87,9111197,ven@gmail.com
187,vendor88,9111198,ven@gmail.com
188,vendor89,9111199,ven@gmail.com
189,vendor90,9111200,ven@gmail.com
190,vendor91,9111201,ven@gmail.com
191,vendor92,9111202,ven@gmail.com
192,vendor93,9111203,ven@gmail.com
193,vendor94,9111204,ven@gmail.com
194,vendor95,9111205,ven@gmail.com
195,vendor96,9111206,ven@gmail.com
196,vendor97,9111207,ven@gmail.com
197,vendor98,9111208,ven@gmail.com
198,vendor99,9111209,ven@gmail.com
199,vendor100,9111210,ven@gmail.com
200,vendor101,9111211,ven@gmail.com
201,vendor102,9111212,ven@gmail.com
202,vendor103,9111213,ven@gmail.com
203,vendor104,9111214,ven@gmail.com
204,vendor105,9111215,ven@gmail.com
205,vendor106,9111216,ven@gmail.com
206,vendor107,9111217,ven@gmail.com
207,vendor108,9111218,ven@gmail.com
208,vendor109,9111219,ven@gmail.com
209,vendor110,9111220,ven@gmail.com
210,vendor111,9111221,ven@gmail.com
211,vendor112,9111222,ven@gmail.com
212,vendor113,9111223,ven@gmail.com
213,vendor114,9111224,ven@gmail.com
214,vendor115,9111225,ven@gmail.com
215,vendor116,9111226,ven@gmail.com
216,vendor117,9111227,ven@gmail.com
217,vendor118,9111228,ven@gmail.com
218,vendor119,9111229,ven@gmail.com
219,vendor120,9111230,ven@gmail.com
220,vendor121,9111231,ven@gmail.com
221,vendor122,9111232,ven@gmail.com
222,vendor123,9111233,ven@gmail.com
223,vendor124,9111234,ven@gmail.com
224,vendor125,9111235,ven@gmail.com
225,vendor126,9111236,ven@gmail.com
226,vendor127,9111237,ven@gmail.com
227,vendor128,9111238,ven@gmail.com
228,vendor129,9111239,ven@gmail.com
229,vendor130,9111240,ven@gmail.com
230,vendor131,9111241,ven@gmail.com
231,vendor132,9111242,ven@gmail.com
232,vendor133,9111243,ven@gmail.com
233,vendor134,9111244,ven@gmail.com
234,vendor135,9111245,ven@gmail.com
235,vendor136,9111246,ven@gmail.com
236,vendor137,9111247,ven@gmail.com
237,vendor138,9111248,ven@gmail.com
238,vendor139,9111249,ven@gmail.com
239,vendor140,9111250,ven@gmail.com
240,vendor141,9111251,ven@gmail.com
241,vendor142,9111252,ven@gmail.com
242,vendor143,9111253,ven@gmail.com
243,vendor144,9111254,ven@gmail.com
244,vendor145,9111255,ven@gmail.com
245,vendor146,9111256,ven@gmail.com
246,vendor147,9111257,ven@gmail.com
247,vendor148,9111258,ven@gmail.com
248,vendor149,9111259,ven@gmail.com
249,vendor150,9111260,ven@gmail.com
250,vendor151,9111261,ven@gmail.com
251,vendor152,9111262,ven@gmail.com
252,vendor153,9111263,ven@gmail.com
253,vendor154,9111264,ven@gmail.com
254,vendor155,9111265,ven@gmail.com
255,vendor156,9111266,ven@gmail.com
256,vendor157,9111267,ven@gmail.com
257,vendor158,9111268,ven@gmail.com
258,vendor159,9111269,ven@gmail.com
259,vendor160,9111270,ven@gmail.com
260,vendor161,9111271,ven@gmail.com
261,vendor162,9111272,ven@gmail.com
262,vendor163,9111273,ven@gmail.com
263,vendor164,9111274,ven@gmail.com
264,vendor165,9111275,ven@gmail.com
265,vendor166,9111276,ven@gmail.com
266,vendor167,9111277,ven@gmail.com
267,vendor168,9111278,ven@gmail.com
268,vendor169,9111279,ven@gmail.com
269,vendor170,9111280,ven@gmail.com
270,vendor171,9111281,ven@gmail.com
271,vendor172,9111282,ven@gmail.com
272,vendor173,9111283,ven@gmail.com
273,vendor174,9111284,ven@gmail.com
274,vendor175,9111285,ven@gmail.com
275,vendor176,9111286,ven@gmail.com
276,vendor177,9111287,ven@gmail.com
277,vendor178,9111288,ven@gmail.com
278,vendor179,9111289,ven@gmail.com
279,vendor180,9111290,ven@gmail.com
280,vendor181,9111291,ven@gmail.com
281,vendor182,9111292,ven@gmail.com
282,vendor183,9111293,ven@gmail.com
283,vendor184,9111294,ven@gmail.com
284,vendor185,9111295,ven@gmail.com
285,vendor186,9111296,ven@gmail.com
286,vendor187,9111297,ven@gmail.com
287,vendor188,9111298,ven@gmail.com
288,vendor189,9111299,ven@gmail.com
289,vendor190,9111300,ven@gmail.com
290,vendor191,9111301,ven@gmail.com
291,vendor192,9111302,ven@gmail.com
292,vendor193,9111303,ven@gmail.com
293,vendor194,9111304,ven@gmail.com
294,vendor195,9111305,ven@gmail.com
295,vendor196,9111306,ven@gmail.com
296,vendor197,9111307,ven@gmail.com
297,vendor198,9111308,ven@gmail.com
298,vendor199,9111309,ven@gmail.com
299,vendor200,9111310,ven@gmail.com
300,vendor201,9111311,ven@gmail.com
301,vendor202,9111312,ven@gmail.com
302,vendor203,9111313,ven@gmail.com
303,vendor204,9111314,ven@gmail.com
304,vendor205,9111315,ven@gmail.com
305,vendor206,9111316,ven@gmail.com
306,vendor207,9111317,ven@gmail.com
307,vendor208,9111318,ven@gmail.com
308,vendor209,9111319,ven@gmail.com
309,vendor210,9111320,ven@gmail.com
310,vendor211,9111321,ven@gmail.com
311,vendor212,9111322,ven@gmail.com
312,vendor213,9111323,ven@gmail.com
313,vendor214,9111324,ven@gmail.com
314,vendor215,9111325,ven@gmail.com
315,vendor216,9111326,ven@gmail.com
316,vendor217,9111327,ven@gmail.com
317,vendor218,9111328,ven@gmail.com
318,vendor219,9111329,ven@gmail.com
319,vendor220,9111330,ven@gmail.com
320,vendor221,9111331,ven@gmail.com
321,vendor222,9111332,ven@gmail.com
322,vendor223,9111333,ven@gmail.com
323,vendor224,9111334,ven@gmail.com
324,vendor225,9111335,ven@gmail.com
325,vendor226,9111336,ven@gmail.com
326,vendor227,9111337,ven@gmail.com
327,vendor228,9111338,ven@gmail.com
328,vendor229,9111339,ven@gmail.com
329,vendor230,9111340,ven@gmail.com
330,vendor231,9111341,ven@gmail.com
331,vendor232,9111342,ven@gmail.com
332,vendor233,9111343,ven@gmail.com
333,vendor234,9111344,ven@gmail.com
334,vendor235,9111345,ven@gmail.com
335,vendor236,9111346,ven@gmail.com
336,vendor237,9111347,ven@gmail.com
337,vendor238,9111348,ven@gmail.com
338,vendor239,9111349,ven@gmail.com
339,vendor240,9111350,ven@gmail.com
340,vendor241,9111351,ven@gmail.com
341,vendor242,9111352,ven@gmail.com
342,vendor243,9111353,ven@gmail.com
343,vendor244,9111354,ven@gmail.com
344,vendor245,9111355,ven@gmail.com
345,vendor246,9111356,ven@gmail.com
346,vendor247,9111357,ven@gmail.com
347,vendor248,9111358,ven@gmail.com
348,vendor249,9111359,ven@gmail.com
349,vendor250,9111360,ven@gmail.com
350,vendor251,9111361,ven@gmail.com
351,vendor252,9111362,ven@gmail.com
352,vendor253,9111363,ven@gmail.com
353,vendor254,9111364,ven@gmail.com
354,vendor255,9111365,ven@gmail.com
355,vendor256,9111366,ven@gmail.com
356,vendor257,9111367,ven@gmail.com
357,vendor258,9111368,ven@gmail.com
358,vendor259,9111369,ven@gmail.com
359,vendor260,9111370,ven@gmail.com
360,vendor261,9111371,ven@gmail.com
361,vendor262,9111372,ven@gmail.com
362,vendor263,9111373,ven@gmail.com
363,vendor264,9111374,ven@gmail.com
364,vendor265,9111375,ven@gmail.com
365,vendor266,9111376,ven@gmail.com
366,vendor267,9111377,ven@gmail.com
367,vendor268,9111378,ven@gmail.com
368,vendor269,9111379,ven@gmail.com
369,vendor270,9111380,ven@gmail.com
370,vendor271,9111381,ven@gmail.com
371,vendor272,9111382,ven@gmail.com
372,vendor273,9111383,ven@gmail.com
373,vendor274,9111384,ven@gmail.com
374,vendor275,9111385,ven@gmail.com
375,vendor276,9111386,ven@gmail.com
376,vendor277,9111387,ven@gmail.com
377,vendor278,9111388,ven@gmail.com
378,vendor279,9111389,ven@gmail.com
379,vendor280,9111390,ven@gmail.com
380,vendor281,9111391,ven@gmail.com
381,vendor282,9111392,ven@gmail.com
382,vendor283,9111393,ven@gmail.com
383,vendor284,9111394,ven@gmail.com
384,vendor285,9111395,ven@gmail.com
385,vendor286,9111396,ven@gmail.com
386,vendor287,9111397,ven@gmail.com
387,vendor288,9111398,ven@gmail.com
388,vendor289,9111399,ven@gmail.com
389,vendor290,9111400,ven@gmail.com
390,vendor291,9111401,ven@gmail.com
391,vendor292,9111402,ven@gmail.com
392,vendor293,9111403,ven@gmail.com
393,vendor294,9111404,ven@gmail.com
394,vendor295,9111405,ven@gmail.com
395,vendor296,9111406,ven@gmail.com
396,vendor297,9111407,ven@gmail.com
397,vendor298,9111408,ven@gmail.com
398,vendor299,9111409,ven@gmail.com
399,vendor300,9111410,ven@gmail.com
400,vendor301,9111411,ven@gmail.com
401,vendor302,9111412,ven@gmail.com
402,vendor303,9111413,ven@gmail.com
403,vendor304,9111414,ven@gmail.com
404,vendor305,9111415,ven@gmail.com
405,vendor306,9111416,ven@gmail.com
406,vendor307,9111417,ven@gmail.com
407,vendor308,9111418,ven@gmail.com
408,vendor309,9111419,ven@gmail.com
409,vendor310,9111420,ven@gmail.com
410,vendor311,9111421,ven@gmail.com
411,vendor312,9111422,ven@gmail.com
412,vendor313,9111423,ven@gmail.com
413,vendor314,9111424,ven@gmail.com
414,vendor315,9111425,ven@gmail.com
415,vendor316,9111426,ven@gmail.com
416,vendor317,9111427,ven@gmail.com
417,vendor318,9111428,ven@gmail.com
418,vendor319,9111429,ven@gmail.com
419,vendor320,9111430,ven@gmail.com
420,vendor321,9111431,ven@gmail.com
421,vendor322,9111432,ven@gmail.com
422,vendor323,9111433,ven@gmail.com
423,vendor324,9111434,ven@gmail.com
424,vendor325,9111435,ven@gmail.com
425,vendor326,9111436,ven@gmail.com
426,vendor327,9111437,ven@gmail.com
427,vendor328,9111438,ven@gmail.com
428,vendor329,9111439,ven@gmail.com
429,vendor330,9111440,ven@gmail.com
430,vendor331,9111441,ven@gmail.com
431,vendor332,9111442,ven@gmail.com
432,vendor333,9111443,ven@gmail.com
433,vendor334,9111444,ven@gmail.com
434,vendor335,9111445,ven@gmail.com
435,vendor336,9111446,ven@gmail.com
436,vendor337,9111447,ven@gmail.com
437,vendor338,9111448,ven@gmail.com
438,vendor339,9111449,ven@gmail.com
439,vendor340,9111450,ven@gmail.com
440,vendor341,9111451,ven@gmail.com
441,vendor342,9111452,ven@gmail.com
442,vendor343,9111453,ven@gmail.com
443,vendor344,9111454,ven@gmail.com
444,vendor345,9111455,ven@gmail.com
445,vendor346,9111456,ven@gmail.com
446,vendor347,9111457,ven@gmail.com
447,vendor348,9111458,ven@gmail.com
448,vendor349,9111459,ven@gmail.com
449,vendor350,9111460,ven@gmail.com
450,vendor351,9111461,ven@gmail.com
451,vendor352,9111462,ven@gmail.com
452,vendor353,9111463,ven@gmail.com
453,vendor354,9111464,ven@gmail.com
454,vendor355,9111465,ven@gmail.com
455,vendor356,9111466,ven@gmail.com
456,vendor357,9111467,ven@gmail.com
457,vendor358,9111468,ven@gmail.com
458,vendor359,9111469,ven@gmail.com
459,vendor360,9111470,ven@gmail.com
460,vendor361,9111471,ven@gmail.com
461,vendor362,9111472,ven@gmail.com
462,vendor363,9111473,ven@gmail.com
463,vendor364,9111474,ven@gmail.com
464,vendor365,9111475,ven@gmail.com
465,vendor366,9111476,ven@gmail.com
466,vendor367,9111477,ven@gmail.com
467,vendor368,9111478,ven@gmail.com
468,vendor369,9111479,ven@gmail.com
469,vendor370,9111480,ven@gmail.com
470,vendor371,9111481,ven@gmail.com
471,vendor372,9111482,ven@gmail.com
472,vendor373,9111483,ven@gmail.com
473,vendor374,9111484,ven@gmail.com
474,vendor375,9111485,ven@gmail.com
475,vendor376,9111486,ven@gmail.com
476,vendor377,9111487,ven@gmail.com
477,vendor378,9111488,ven@gmail.com
478,vendor379,9111489,ven@gmail.com
479,vendor380,9111490,ven@gmail.com
480,vendor381,9111491,ven@gmail.com
481,vendor382,9111492,ven@gmail.com
482,vendor383,9111493,ven@gmail.com
483,vendor384,9111494,ven@gmail.com
484,vendor385,9111495,ven@gmail.com
485,vendor386,9111496,ven@gmail.com
486,vendor387,9111497,ven@gmail.com
487,vendor388,9111498,ven@gmail.com
488,vendor389,9111499,ven@gmail.com
489,vendor390,9111500,ven@gmail.com
490,vendor391,9111501,ven@gmail.com
491,vendor392,9111502,ven@gmail.com
492,vendor393,9111503,ven@gmail.com
493,vendor394,9111504,ven@gmail.com
494,vendor395,9111505,ven@gmail.com
495,vendor396,9111506,ven@gmail.com
496,vendor397,9111507,ven@gmail.com
497,vendor398,9111508,ven@gmail.com
498,vendor399,9111509,ven@gmail.com
499,vendor400,9111510,ven@gmail.com
500,vendor401,9111511,ven@gmail.com
501,vendor402,9111512,ven@gmail.com
502,vendor403,9111513,ven@gmail.com
503,vendor404,9111514,ven@gmail.com
504,vendor405,9111515,ven@gmail.com
505,vendor406,9111516,ven@gmail.com
506,vendor407,9111517,ven@gmail.com
507,vendor408,9111518,ven@gmail.com
508,vendor409,9111519,ven@gmail.com
509,vendor410,9111520,ven@gmail.com
510,vendor411,9111521,ven@gmail.com
511,vendor412,9111522,ven@gmail.com
512,vendor413,9111523,ven@gmail.com
513,vendor414,9111524,ven@gmail.com
514,vendor415,9111525,ven@gmail.com
515,vendor416,9111526,ven@gmail.com
516,vendor417,9111527,ven@gmail.com
517,vendor418,9111528,ven@gmail.com
518,vendor419,9111529,ven@gmail.com
519,vendor420,9111530,ven@gmail.com
520,vendor421,9111531,ven@gmail.com
521,vendor422,9111532,ven@gmail.com
522,vendor423,9111533,ven@gmail.com
523,vendor424,9111534,ven@gmail.com
524,vendor425,9111535,ven@gmail.com
525,vendor426,9111536,ven@gmail.com
526,vendor427,9111537,ven@gmail.com
527,vendor428,9111538,ven@gmail.com
528,vendor429,9111539,ven@gmail.com
529,vendor430,9111540,ven@gmail.com
530,vendor431,9111541,ven@gmail.com
531,vendor432,9111542,ven@gmail.com
532,vendor433,9111543,ven@gmail.com
533,vendor434,9111544,ven@gmail.com
534,vendor435,9111545,ven@gmail.com
535,vendor436,9111546,ven@gmail.com
536,vendor437,9111547,ven@gmail.com
537,vendor438,9111548,ven@gmail.com
538,vendor439,9111549,ven@gmail.com
539,vendor440,9111550,ven@gmail.com
540,vendor441,9111551,ven@gmail.com
541,vendor442,9111552,ven@gmail.com
542,vendor443,9111553,ven@gmail.com
543,vendor444,9111554,ven@gmail.com
544,vendor445,9111555,ven@gmail.com
545,vendor446,9111556,ven@gmail.com
546,vendor447,9111557,ven@gmail.com
547,vendor448,9111558,ven@gmail.com
548,vendor449,9111559,ven@gmail.com
549,vendor450,9111560,ven@gmail.com
550,vendor451,9111561,ven@gmail.com
551,vendor452,9111562,ven@gmail.com
552,vendor453,9111563,ven@gmail.com
553,vendor454,9111564,ven@gmail.com
554,vendor455,9111565,ven@gmail.com
555,vendor456,9111566,ven@gmail.com
556,vendor457,9111567,ven@gmail.com
557,vendor458,9111568,ven@gmail.com
558,vendor459,9111569,ven@gmail.com
559,vendor460,9111570,ven@gmail.com
560,vendor461,9111571,ven@gmail.com
561,vendor462,9111572,ven@gmail.com
562,vendor463,9111573,ven@gmail.com
563,vendor464,9111574,ven@gmail.com
564,vendor465,9111575,ven@gmail.com
565,vendor466,9111576,ven@gmail.com
566,vendor467,9111577,ven@gmail.com
567,vendor468,9111578,ven@gmail.com
568,vendor469,9111579,ven@gmail.com
569,vendor470,9111580,ven@gmail.com
570,vendor471,9111581,ven@gmail.com
571,vendor472,9111582,ven@gmail.com
572,vendor473,9111583,ven@gmail.com
573,vendor474,9111584,ven@gmail.com
574,vendor475,9111585,ven@gmail.com
575,vendor476,9111586,ven@gmail.com
576,vendor477,9111587,ven@gmail.com
577,vendor478,9111588,ven@gmail.com
578,vendor479,9111589,ven@gmail.com
579,vendor480,9111590,ven@gmail.com
580,vendor481,9111591,ven@gmail.com
581,vendor482,9111592,ven@gmail.com
582,vendor483,9111593,ven@gmail.com
583,vendor484,9111594,ven@gmail.com
584,vendor485,9111595,ven@gmail.com
585,vendor486,9111596,ven@gmail.com
586,vendor487,9111597,ven@gmail.com
587,vendor488,9111598,ven@gmail.com
588,vendor489,9111599,ven@gmail.com
589,vendor490,9111600,ven@gmail.com
590,vendor491,9111601,ven@gmail.com
591,vendor492,9111602,ven@gmail.com
592,vendor493,9111603,ven@gmail.com
593,vendor494,9111604,ven@gmail.com
594,vendor495,9111605,ven@gmail.com
595,vendor496,9111606,ven@gmail.com
596,vendor497,9111607,ven@gmail.com
597,vendor498,9111608,ven@gmail.com
598,vendor499,9111609,ven@gmail.com
599,vendor500,9111610,ven@gmail.com
600,vendor501,9111611,ven@gmail.com
601,vendor502,9111612,ven@gmail.com
602,vendor503,9111613,ven@gmail.com
603,vendor504,9111614,ven@gmail.com
604,vendor505,9111615,ven@gmail.com
605,vendor506,9111616,ven@gmail.com
606,vendor507,9111617,ven@gmail.com
607,vendor508,9111618,ven@gmail.com
608,vendor509,9111619,ven@gmail.com
609,vendor510,9111620,ven@gmail.com
610,vendor511,9111621,ven@gmail.com
611,vendor512,9111622,ven@gmail.com
612,vendor513,9111623,ven@gmail.com
613,vendor514,9111624,ven@gmail.com
614,vendor515,9111625,ven@gmail.com
615,vendor516,9111626,ven@gmail.com
616,vendor517,9111627,ven@gmail.com
617,vendor518,9111628,ven@gmail.com
618,vendor519,9111629,ven@gmail.com
619,vendor520,9111630,ven@gmail.com
620,vendor521,9111631,ven@gmail.com
621,vendor522,9111632,ven@gmail.com
622,vendor523,9111633,ven@gmail.com
623,vendor524,9111634,ven@gmail.com
624,vendor525,9111635,ven@gmail.com
625,vendor526,9111636,ven@gmail.com
626,vendor527,9111637,ven@gmail.com
627,vendor528,9111638,ven@gmail.com
628,vendor529,9111639,ven@gmail.com
629,vendor530,9111640,ven@gmail.com
630,vendor531,9111641,ven@gmail.com
631,vendor532,9111642,ven@gmail.com
632,vendor533,9111643,ven@gmail.com
633,vendor534,9111644,ven@gmail.com
634,vendor535,9111645,ven@gmail.com
635,vendor536,9111646,ven@gmail.com
636,vendor537,9111647,ven@gmail.com
637,vendor538,9111648,ven@gmail.com
638,vendor539,9111649,ven@gmail.com
639,vendor540,9111650,ven@gmail.com
640,vendor541,9111651,ven@gmail.com
641,vendor542,9111652,ven@gmail.com
642,vendor543,9111653,ven@gmail.com
643,vendor544,9111654,ven@gmail.com
644,vendor545,9111655,ven@gmail.com
645,vendor546,9111656,ven@gmail.com
646,vendor547,9111657,ven@gmail.com
647,vendor548,9111658,ven@gmail.com
648,vendor549,9111659,ven@gmail.com
649,vendor550,9111660,ven@gmail.com
650,vendor551,9111661,ven@gmail.com
651,vendor552,9111662,ven@gmail.com
652,vendor553,9111663,ven@gmail.com
653,vendor554,9111664,ven@gmail.com
654,vendor555,9111665,ven@gmail.com
655,vendor556,9111666,ven@gmail.com
656,vendor557,9111667,ven@gmail.com
657,vendor558,9111668,ven@gmail.com
658,vendor559,9111669,ven@gmail.com
659,vendor560,9111670,ven@gmail.com
660,vendor561,9111671,ven@gmail.com
661,vendor562,9111672,ven@gmail.com
662,vendor563,9111673,ven@gmail.com
663,vendor564,9111674,ven@gmail.com
664,vendor565,9111675,ven@gmail.com
665,vendor566,9111676,ven@gmail.com
666,vendor567,9111677,ven@gmail.com
667,vendor568,9111678,ven@gmail.com
668,vendor569,9111679,ven@gmail.com
669,vendor570,9111680,ven@gmail.com
670,vendor571,9111681,ven@gmail.com
671,vendor572,9111682,ven@gmail.com
672,vendor573,9111683,ven@gmail.com
673,vendor574,9111684,ven@gmail.com
674,vendor575,9111685,ven@gmail.com
675,vendor576,9111686,ven@gmail.com
676,vendor577,9111687,ven@gmail.com
677,vendor578,9111688,ven@gmail.com
678,vendor579,9111689,ven@gmail.com
679,vendor580,9111690,ven@gmail.com
680,vendor581,9111691,ven@gmail.com
681,vendor582,9111692,ven@gmail.com
682,vendor583,9111693,ven@gmail.com
683,vendor584,9111694,ven@gmail.com
684,vendor585,9111695,ven@gmail.com
685,vendor586,9111696,ven@gmail.com
686,vendor587,9111697,ven@gmail.com
687,vendor588,9111698,ven@gmail.com
688,vendor589,9111699,ven@gmail.com
689,vendor590,9111700,ven@gmail.com
690,vendor591,9111701,ven@gmail.com
691,vendor592,9111702,ven@gmail.com
692,vendor593,9111703,ven@gmail.com
693,vendor594,9111704,ven@gmail.com
694,vendor595,9111705,ven@gmail.com
695,vendor596,9111706,ven@gmail.com
696,vendor597,9111707,ven@gmail.com
697,vendor598,9111708,ven@gmail.com
698,vendor599,9111709,ven@gmail.com
699,vendor600,9111710,ven@gmail.com
700,vendor601,9111711,ven@gmail.com
701,vendor602,9111712,ven@gmail.com
702,vendor603,9111713,ven@gmail.com
703,vendor604,9111714,ven@gmail.com
704,vendor605,9111715,ven@gmail.com
705,vendor606,9111716,ven@gmail.com
706,vendor607,9111717,ven@gmail.com
707,vendor608,9111718,ven@gmail.com
708,vendor609,9111719,ven@gmail.com
709,vendor610,9111720,ven@gmail.com
710,vendor611,9111721,ven@gmail.com
711,vendor612,9111722,ven@gmail.com
712,vendor613,9111723,ven@gmail.com
713,vendor614,9111724,ven@gmail.com
714,vendor615,9111725,ven@gmail.com
715,vendor616,9111726,ven@gmail.com
716,vendor617,9111727,ven@gmail.com
717,vendor618,9111728,ven@gmail.com
718,vendor619,9111729,ven@gmail.com
719,vendor620,9111730,ven@gmail.com
720,vendor621,9111731,ven@gmail.com
721,vendor622,9111732,ven@gmail.com
722,vendor623,9111733,ven@gmail.com
723,vendor624,9111734,ven@gmail.com
724,vendor625,9111735,ven@gmail.com
725,vendor626,9111736,ven@gmail.com
726,vendor627,9111737,ven@gmail.com
727,vendor628,9111738,ven@gmail.com
728,vendor629,9111739,ven@gmail.com
729,vendor630,9111740,ven@gmail.com
730,vendor631,9111741,ven@gmail.com
731,vendor632,9111742,ven@gmail.com
732,vendor633,9111743,ven@gmail.com
733,vendor634,9111744,ven@gmail.com
734,vendor635,9111745,ven@gmail.com
735,vendor636,9111746,ven@gmail.com
736,vendor637,9111747,ven@gmail.com
737,vendor638,9111748,ven@gmail.com
738,vendor639,9111749,ven@gmail.com
739,vendor640,9111750,ven@gmail.com
740,vendor641,9111751,ven@gmail.com
741,vendor642,9111752,ven@gmail.com
742,vendor643,9111753,ven@gmail.com
743,vendor644,9111754,ven@gmail.com
744,vendor645,9111755,ven@gmail.com
745,vendor646,9111756,ven@gmail.com
746,vendor647,9111757,ven@gmail.com
747,vendor648,9111758,ven@gmail.com
748,vendor649,9111759,ven@gmail.com
749,vendor650,9111760,ven@gmail.com
750,vendor651,9111761,ven@gmail.com
751,vendor652,9111762,ven@gmail.com
752,vendor653,9111763,ven@gmail.com
753,vendor654,9111764,ven@gmail.com
754,vendor655,9111765,ven@gmail.com
755,vendor656,9111766,ven@gmail.com
756,vendor657,9111767,ven@gmail.com
757,vendor658,9111768,ven@gmail.com
758,vendor659,9111769,ven@gmail.com
759,vendor660,9111770,ven@gmail.com
760,vendor661,9111771,ven@gmail.com
761,vendor662,9111772,ven@gmail.com
762,vendor663,9111773,ven@gmail.com
763,vendor664,9111774,ven@gmail.com
764,vendor665,9111775,ven@gmail.com
765,vendor666,9111776,ven@gmail.com
766,vendor667,9111777,ven@gmail.com
767,vendor668,9111778,ven@gmail.com
768,vendor669,9111779,ven@gmail.com
769,vendor670,9111780,ven@gmail.com
770,vendor671,9111781,ven@gmail.com
771,vendor672,9111782,ven@gmail.com
772,vendor673,9111783,ven@gmail.com
773,vendor674,9111784,ven@gmail.com
774,vendor675,9111785,ven@gmail.com
775,vendor676,9111786,ven@gmail.com
776,vendor677,9111787,ven@gmail.com
777,vendor678,9111788,ven@gmail.com
778,vendor679,9111789,ven@gmail.com
779,vendor680,9111790,ven@gmail.com
780,vendor681,9111791,ven@gmail.com
781,vendor682,9111792,ven@gmail.com
782,vendor683,9111793,ven@gmail.com
783,vendor684,9111794,ven@gmail.com
784,vendor685,9111795,ven@gmail.com
785,vendor686,9111796,ven@gmail.com
786,vendor687,9111797,ven@gmail.com
787,vendor688,9111798,ven@gmail.com
788,vendor689,9111799,ven@gmail.com
789,vendor690,9111800,ven@gmail.com
790,vendor691,9111801,ven@gmail.com
791,vendor692,9111802,ven@gmail.com
792,vendor693,9111803,ven@gmail.com
793,vendor694,9111804,ven@gmail.com
794,vendor695,9111805,ven@gmail.com
795,vendor696,9111806,ven@gmail.com
796,vendor697,9111807,ven@gmail.com
797,vendor698,9111808,ven@gmail.com
798,vendor699,9111809,ven@gmail.com
799,vendor700,9111810,ven@gmail.com
800,vendor701,9111811,ven@gmail.com
801,vendor702,9111812,ven@gmail.com
802,vendor703,9111813,ven@gmail.com
803,vendor704,9111814,ven@gmail.com
804,vendor705,9111815,ven@gmail.com
805,vendor706,9111816,ven@gmail.com
806,vendor707,9111817,ven@gmail.com
807,vendor708,9111818,ven@gmail.com
808,vendor709,9111819,ven@gmail.com
809,vendor710,9111820,ven@gmail.com
810,vendor711,9111821,ven@gmail.com
811,vendor712,9111822,ven@gmail.com
812,vendor713,9111823,ven@gmail.com
813,vendor714,9111824,ven@gmail.com
814,vendor715,9111825,ven@gmail.com
815,vendor716,9111826,ven@gmail.com
816,vendor717,9111827,ven@gmail.com
817,vendor718,9111828,ven@gmail.com
818,vendor719,9111829,ven@gmail.com
819,vendor720,9111830,ven@gmail.com
820,vendor721,9111831,ven@gmail.com
821,vendor722,9111832,ven@gmail.com
822,vendor723,9111833,ven@gmail.com
823,vendor724,9111834,ven@gmail.com
824,vendor725,9111835,ven@gmail.com
825,vendor726,9111836,ven@gmail.com
826,vendor727,9111837,ven@gmail.com
827,vendor728,9111838,ven@gmail.com
828,vendor729,9111839,ven@gmail.com
829,vendor730,9111840,ven@gmail.com
830,vendor731,9111841,ven@gmail.com
831,vendor732,9111842,ven@gmail.com
832,vendor733,9111843,ven@gmail.com
833,vendor734,9111844,ven@gmail.com
834,vendor735,9111845,ven@gmail.com
835,vendor736,9111846,ven@gmail.com
836,vendor737,9111847,ven@gmail.com
837,vendor738,9111848,ven@gmail.com
838,vendor739,9111849,ven@gmail.com
839,vendor740,9111850,ven@gmail.com
840,vendor741,9111851,ven@gmail.com
841,vendor742,9111852,ven@gmail.com
842,vendor743,9111853,ven@gmail.com
843,vendor744,9111854,ven@gmail.com
844,vendor745,9111855,ven@gmail.com
845,vendor746,9111856,ven@gmail.com
846,vendor747,9111857,ven@gmail.com
847,vendor748,9111858,ven@gmail.com
848,vendor749,9111859,ven@gmail.com
849,vendor750,9111860,ven@gmail.com
850,vendor751,9111861,ven@gmail.com
851,vendor752,9111862,ven@gmail.com
852,vendor753,9111863,ven@gmail.com
853,vendor754,9111864,ven@gmail.com
854,vendor755,9111865,ven@gmail.com
855,vendor756,9111866,ven@gmail.com
856,vendor757,9111867,ven@gmail.com
857,vendor758,9111868,ven@gmail.com
858,vendor759,9111869,ven@gmail.com
859,vendor760,9111870,ven@gmail.com
860,vendor761,9111871,ven@gmail.com
861,vendor762,9111872,ven@gmail.com
862,vendor763,9111873,ven@gmail.com
863,vendor764,9111874,ven@gmail.com
864,vendor765,9111875,ven@gmail.com
865,vendor766,9111876,ven@gmail.com
866,vendor767,9111877,ven@gmail.com
867,vendor768,9111878,ven@gmail.com
868,vendor769,9111879,ven@gmail.com
869,vendor770,9111880,ven@gmail.com
870,vendor771,9111881,ven@gmail.com
871,vendor772,9111882,ven@gmail.com
872,vendor773,9111883,ven@gmail.com